{"cameraMode":{"drawMode":0,"name":"Shaded","section":"Shading Mode"},"sceneLighting":true,"audioPlay":false,"sceneViewState":{"m_AlwaysRefresh":false,"showFog":true,"showSkybox":true,"showFlares":true,"showImageEffects":true,"showParticleSystems":true,"showVisualEffectGraphs":true,"m_FxEnabled":true},"in2DMode":false,"pivot":{"x":-70.63668823242188,"y":10.162281036376954,"z":-8.008872032165528},"rotation":{"x":-0.014617166481912136,"y":-0.7044205069541931,"z":-0.014516366645693779,"w":0.7094873785972595},"size":48.12649917602539,"orthographic":false}