{"cameraMode":{"drawMode":0,"name":"Shaded","section":"Shading Mode"},"sceneLighting":false,"audioPlay":false,"sceneViewState":{"m_AlwaysRefresh":false,"showFog":true,"showSkybox":false,"showFlares":true,"showImageEffects":true,"showParticleSystems":true,"showVisualEffectGraphs":true,"m_FxEnabled":true},"in2DMode":false,"pivot":{"x":-23.866535186767579,"y":12.200000762939454,"z":-26.299999237060548},"rotation":{"x":0.041155699640512469,"y":-0.7090665698051453,"z":0.04152780398726463,"w":0.7027136087417603},"size":20.221872329711915,"orthographic":false}